time,patch_id,time_in_patch,reward,cumulative_patch_reward,prob_reward,rewards_in_patch,failures_in_patch,patch_entry_time
1,1,1,2.0,2.0,0.4,1,0,0.0
2,1,2,1.7566361462633053,3.7566361462633053,0.3513272292526611,2,0,0.0
3,1,3,1.5428852751793987,5.299521421442704,0.30857705503587973,3,0,0.0
4,1,4,1.3551440219587692,6.654665443401473,0.2710288043917538,4,0,0.0
5,1,5,1.190247486182704,7.8449129295841775,0.23804949723654079,5,0,0.0
6,-1,0,0.0,0.0,0.0,0,0,
7,-1,0,0.0,0.0,0.0,0,0,
8,-1,0,0.0,0.0,0.0,0,0,
9,0,1,4.5,4.5,0.9,1,0,9.0
10,0,2,3.9524313290924376,8.452431329092438,0.7904862658184875,2,0,9.0
11,0,3,3.4714918691536467,11.923923198246085,0.6942983738307293,3,0,9.0
12,0,4,3.04907404940723,14.972997247653314,0.609814809881446,4,0,9.0
13,0,5,2.678056843911084,17.651054091564397,0.5356113687822168,5,0,9.0
14,-1,0,0.0,0.0,0.0,0,0,
15,-1,0,0.0,0.0,0.0,0,0,
16,-1,0,0.0,0.0,0.0,0,0,
17,0,1,4.5,4.5,0.9,1,0,17.0
18,0,2,3.9524313290924376,8.452431329092438,0.7904862658184875,2,0,17.0
19,0,3,3.4714918691536467,11.923923198246085,0.6942983738307293,3,0,17.0
20,0,4,3.04907404940723,14.972997247653314,0.609814809881446,4,0,17.0
21,0,5,2.678056843911084,17.651054091564397,0.5356113687822168,5,0,17.0
22,-1,0,0.0,0.0,0.0,0,0,
23,-1,0,0.0,0.0,0.0,0,0,
24,-1,0,0.0,0.0,0.0,0,0,
25,1,1,2.0,2.0,0.4,1,0,25.0
26,1,2,1.7566361462633053,3.7566361462633053,0.3513272292526611,2,0,25.0
27,1,3,1.5428852751793987,5.299521421442704,0.30857705503587973,3,0,25.0
28,1,4,1.3551440219587692,6.654665443401473,0.2710288043917538,4,0,25.0
29,1,5,1.190247486182704,7.8449129295841775,0.23804949723654079,5,0,25.0
30,-1,0,0.0,0.0,0.0,0,0,
31,-1,0,0.0,0.0,0.0,0,0,
32,-1,0,0.0,0.0,0.0,0,0,
33,1,1,2.0,2.0,0.4,1,0,33.0
34,1,2,1.7566361462633053,3.7566361462633053,0.3513272292526611,2,0,33.0
35,1,3,1.5428852751793987,5.299521421442704,0.30857705503587973,3,0,33.0
36,1,4,1.3551440219587692,6.654665443401473,0.2710288043917538,4,0,33.0
37,1,5,1.190247486182704,7.8449129295841775,0.23804949723654079,5,0,33.0
38,-1,0,0.0,0.0,0.0,0,0,
39,-1,0,0.0,0.0,0.0,0,0,
40,-1,0,0.0,0.0,0.0,0,0,
41,1,1,2.0,2.0,0.4,1,0,41.0
42,1,2,1.7566361462633053,3.7566361462633053,0.3513272292526611,2,0,41.0
43,1,3,1.5428852751793987,5.299521421442704,0.30857705503587973,3,0,41.0
44,1,4,1.3551440219587692,6.654665443401473,0.2710288043917538,4,0,41.0
45,1,5,1.190247486182704,7.8449129295841775,0.23804949723654079,5,0,41.0
46,-1,0,0.0,0.0,0.0,0,0,
47,-1,0,0.0,0.0,0.0,0,0,
48,-1,0,0.0,0.0,0.0,0,0,
49,1,1,2.0,2.0,0.4,1,0,49.0
50,1,2,1.7566361462633053,3.7566361462633053,0.3513272292526611,2,0,49.0
51,1,3,1.5428852751793987,5.299521421442704,0.30857705503587973,3,0,49.0
52,1,4,1.3551440219587692,6.654665443401473,0.2710288043917538,4,0,49.0
53,1,5,1.190247486182704,7.8449129295841775,0.23804949723654079,5,0,49.0
54,-1,0,0.0,0.0,0.0,0,0,
55,-1,0,0.0,0.0,0.0,0,0,
56,-1,0,0.0,0.0,0.0,0,0,
57,0,1,4.5,4.5,0.9,1,0,57.0
58,0,2,3.9524313290924376,8.452431329092438,0.7904862658184875,2,0,57.0
59,0,3,3.4714918691536467,11.923923198246085,0.6942983738307293,3,0,57.0
60,0,4,3.04907404940723,14.972997247653314,0.609814809881446,4,0,57.0
61,0,5,2.678056843911084,17.651054091564397,0.5356113687822168,5,0,57.0
62,-1,0,0.0,0.0,0.0,0,0,
63,-1,0,0.0,0.0,0.0,0,0,
64,-1,0,0.0,0.0,0.0,0,0,
65,1,1,2.0,2.0,0.4,1,0,65.0
66,1,2,1.7566361462633053,3.7566361462633053,0.3513272292526611,2,0,65.0
67,1,3,1.5428852751793987,5.299521421442704,0.30857705503587973,3,0,65.0
68,1,4,1.3551440219587692,6.654665443401473,0.2710288043917538,4,0,65.0
69,1,5,1.190247486182704,7.8449129295841775,0.23804949723654079,5,0,65.0
70,-1,0,0.0,0.0,0.0,0,0,
71,-1,0,0.0,0.0,0.0,0,0,
72,-1,0,0.0,0.0,0.0,0,0,
73,1,1,2.0,2.0,0.4,1,0,73.0
74,1,2,1.7566361462633053,3.7566361462633053,0.3513272292526611,2,0,73.0
75,1,3,1.5428852751793987,5.299521421442704,0.30857705503587973,3,0,73.0
76,1,4,1.3551440219587692,6.654665443401473,0.2710288043917538,4,0,73.0
77,1,5,1.190247486182704,7.8449129295841775,0.23804949723654079,5,0,73.0
78,-1,0,0.0,0.0,0.0,0,0,
79,-1,0,0.0,0.0,0.0,0,0,
80,-1,0,0.0,0.0,0.0,0,0,
81,0,1,4.5,4.5,0.9,1,0,81.0
82,0,2,3.9524313290924376,8.452431329092438,0.7904862658184875,2,0,81.0
83,0,3,3.4714918691536467,11.923923198246085,0.6942983738307293,3,0,81.0
84,0,4,3.04907404940723,14.972997247653314,0.609814809881446,4,0,81.0
85,0,5,2.678056843911084,17.651054091564397,0.5356113687822168,5,0,81.0
86,-1,0,0.0,0.0,0.0,0,0,
87,-1,0,0.0,0.0,0.0,0,0,
88,-1,0,0.0,0.0,0.0,0,0,
89,0,1,4.5,4.5,0.9,1,0,89.0
90,0,2,3.9524313290924376,8.452431329092438,0.7904862658184875,2,0,89.0
91,0,3,3.4714918691536467,11.923923198246085,0.6942983738307293,3,0,89.0
92,0,4,3.04907404940723,14.972997247653314,0.609814809881446,4,0,89.0
93,0,5,2.678056843911084,17.651054091564397,0.5356113687822168,5,0,89.0
94,-1,0,0.0,0.0,0.0,0,0,
95,-1,0,0.0,0.0,0.0,0,0,
96,-1,0,0.0,0.0,0.0,0,0,
97,0,1,4.5,4.5,0.9,1,0,97.0
98,0,2,3.9524313290924376,8.452431329092438,0.7904862658184875,2,0,97.0
99,0,3,3.4714918691536467,11.923923198246085,0.6942983738307293,3,0,97.0
100,0,4,3.04907404940723,14.972997247653314,0.609814809881446,4,0,97.0
101,0,5,2.678056843911084,17.651054091564397,0.5356113687822168,5,0,97.0
102,-1,0,0.0,0.0,0.0,0,0,
103,-1,0,0.0,0.0,0.0,0,0,
104,-1,0,0.0,0.0,0.0,0,0,
105,1,1,2.0,2.0,0.4,1,0,105.0
106,1,2,1.7566361462633053,3.7566361462633053,0.3513272292526611,2,0,105.0
107,1,3,1.5428852751793987,5.299521421442704,0.30857705503587973,3,0,105.0
108,1,4,1.3551440219587692,6.654665443401473,0.2710288043917538,4,0,105.0
109,1,5,1.190247486182704,7.8449129295841775,0.23804949723654079,5,0,105.0
110,-1,0,0.0,0.0,0.0,0,0,
111,-1,0,0.0,0.0,0.0,0,0,
112,-1,0,0.0,0.0,0.0,0,0,
113,0,1,4.5,4.5,0.9,1,0,113.0
114,0,2,3.9524313290924376,8.452431329092438,0.7904862658184875,2,0,113.0
115,0,3,3.4714918691536467,11.923923198246085,0.6942983738307293,3,0,113.0
116,0,4,3.04907404940723,14.972997247653314,0.609814809881446,4,0,113.0
117,0,5,2.678056843911084,17.651054091564397,0.5356113687822168,5,0,113.0
118,-1,0,0.0,0.0,0.0,0,0,
119,-1,0,0.0,0.0,0.0,0,0,
120,-1,0,0.0,0.0,0.0,0,0,
121,0,1,4.5,4.5,0.9,1,0,121.0
122,0,2,3.9524313290924376,8.452431329092438,0.7904862658184875,2,0,121.0
123,0,3,3.4714918691536467,11.923923198246085,0.6942983738307293,3,0,121.0
124,0,4,3.04907404940723,14.972997247653314,0.609814809881446,4,0,121.0
125,0,5,2.678056843911084,17.651054091564397,0.5356113687822168,5,0,121.0
126,-1,0,0.0,0.0,0.0,0,0,
127,-1,0,0.0,0.0,0.0,0,0,
128,-1,0,0.0,0.0,0.0,0,0,
129,0,1,4.5,4.5,0.9,1,0,129.0
130,0,2,3.9524313290924376,8.452431329092438,0.7904862658184875,2,0,129.0
131,0,3,3.4714918691536467,11.923923198246085,0.6942983738307293,3,0,129.0
132,0,4,3.04907404940723,14.972997247653314,0.609814809881446,4,0,129.0
133,0,5,2.678056843911084,17.651054091564397,0.5356113687822168,5,0,129.0
134,-1,0,0.0,0.0,0.0,0,0,
135,-1,0,0.0,0.0,0.0,0,0,
136,-1,0,0.0,0.0,0.0,0,0,
137,0,1,4.5,4.5,0.9,1,0,137.0
138,0,2,3.9524313290924376,8.452431329092438,0.7904862658184875,2,0,137.0
139,0,3,3.4714918691536467,11.923923198246085,0.6942983738307293,3,0,137.0
140,0,4,3.04907404940723,14.972997247653314,0.609814809881446,4,0,137.0
141,0,5,2.678056843911084,17.651054091564397,0.5356113687822168,5,0,137.0
142,-1,0,0.0,0.0,0.0,0,0,
143,-1,0,0.0,0.0,0.0,0,0,
144,-1,0,0.0,0.0,0.0,0,0,
145,0,1,4.5,4.5,0.9,1,0,145.0
146,0,2,3.9524313290924376,8.452431329092438,0.7904862658184875,2,0,145.0
147,0,3,3.4714918691536467,11.923923198246085,0.6942983738307293,3,0,145.0
148,0,4,3.04907404940723,14.972997247653314,0.609814809881446,4,0,145.0
149,0,5,2.678056843911084,17.651054091564397,0.5356113687822168,5,0,145.0
150,-1,0,0.0,0.0,0.0,0,0,
151,-1,0,0.0,0.0,0.0,0,0,
152,-1,0,0.0,0.0,0.0,0,0,
153,1,1,2.0,2.0,0.4,1,0,153.0
154,1,2,1.7566361462633053,3.7566361462633053,0.3513272292526611,2,0,153.0
155,1,3,1.5428852751793987,5.299521421442704,0.30857705503587973,3,0,153.0
156,1,4,1.3551440219587692,6.654665443401473,0.2710288043917538,4,0,153.0
157,1,5,1.190247486182704,7.8449129295841775,0.23804949723654079,5,0,153.0
158,-1,0,0.0,0.0,0.0,0,0,
159,-1,0,0.0,0.0,0.0,0,0,
160,-1,0,0.0,0.0,0.0,0,0,
161,1,1,2.0,2.0,0.4,1,0,161.0
162,1,2,1.7566361462633053,3.7566361462633053,0.3513272292526611,2,0,161.0
163,1,3,1.5428852751793987,5.299521421442704,0.30857705503587973,3,0,161.0
164,1,4,1.3551440219587692,6.654665443401473,0.2710288043917538,4,0,161.0
165,1,5,1.190247486182704,7.8449129295841775,0.23804949723654079,5,0,161.0
166,-1,0,0.0,0.0,0.0,0,0,
167,-1,0,0.0,0.0,0.0,0,0,
168,-1,0,0.0,0.0,0.0,0,0,
169,1,1,2.0,2.0,0.4,1,0,169.0
170,1,2,1.7566361462633053,3.7566361462633053,0.3513272292526611,2,0,169.0
171,1,3,1.5428852751793987,5.299521421442704,0.30857705503587973,3,0,169.0
172,1,4,1.3551440219587692,6.654665443401473,0.2710288043917538,4,0,169.0
173,1,5,1.190247486182704,7.8449129295841775,0.23804949723654079,5,0,169.0
174,-1,0,0.0,0.0,0.0,0,0,
175,-1,0,0.0,0.0,0.0,0,0,
176,-1,0,0.0,0.0,0.0,0,0,
177,1,1,2.0,2.0,0.4,1,0,177.0
178,1,2,1.7566361462633053,3.7566361462633053,0.3513272292526611,2,0,177.0
179,1,3,1.5428852751793987,5.299521421442704,0.30857705503587973,3,0,177.0
180,1,4,1.3551440219587692,6.654665443401473,0.2710288043917538,4,0,177.0
181,1,5,1.190247486182704,7.8449129295841775,0.23804949723654079,5,0,177.0
182,-1,0,0.0,0.0,0.0,0,0,
183,-1,0,0.0,0.0,0.0,0,0,
184,-1,0,0.0,0.0,0.0,0,0,
185,0,1,4.5,4.5,0.9,1,0,185.0
186,0,2,3.9524313290924376,8.452431329092438,0.7904862658184875,2,0,185.0
187,0,3,3.4714918691536467,11.923923198246085,0.6942983738307293,3,0,185.0
188,0,4,3.04907404940723,14.972997247653314,0.609814809881446,4,0,185.0
189,0,5,2.678056843911084,17.651054091564397,0.5356113687822168,5,0,185.0
190,-1,0,0.0,0.0,0.0,0,0,
191,-1,0,0.0,0.0,0.0,0,0,
192,-1,0,0.0,0.0,0.0,0,0,
193,0,1,4.5,4.5,0.9,1,0,193.0
194,0,2,3.9524313290924376,8.452431329092438,0.7904862658184875,2,0,193.0
195,0,3,3.4714918691536467,11.923923198246085,0.6942983738307293,3,0,193.0
196,0,4,3.04907404940723,14.972997247653314,0.609814809881446,4,0,193.0
197,0,5,2.678056843911084,17.651054091564397,0.5356113687822168,5,0,193.0
198,-1,0,0.0,0.0,0.0,0,0,
199,-1,0,0.0,0.0,0.0,0,0,
200,-1,0,0.0,0.0,0.0,0,0,
201,1,1,2.0,2.0,0.4,1,0,201.0
202,1,2,1.7566361462633053,3.7566361462633053,0.3513272292526611,2,0,201.0
203,1,3,1.5428852751793987,5.299521421442704,0.30857705503587973,3,0,201.0
204,1,4,1.3551440219587692,6.654665443401473,0.2710288043917538,4,0,201.0
205,1,5,1.190247486182704,7.8449129295841775,0.23804949723654079,5,0,201.0
206,-1,0,0.0,0.0,0.0,0,0,
207,-1,0,0.0,0.0,0.0,0,0,
208,-1,0,0.0,0.0,0.0,0,0,
209,0,1,4.5,4.5,0.9,1,0,209.0
210,0,2,3.9524313290924376,8.452431329092438,0.7904862658184875,2,0,209.0
211,0,3,3.4714918691536467,11.923923198246085,0.6942983738307293,3,0,209.0
212,0,4,3.04907404940723,14.972997247653314,0.609814809881446,4,0,209.0
213,0,5,2.678056843911084,17.651054091564397,0.5356113687822168,5,0,209.0
214,-1,0,0.0,0.0,0.0,0,0,
215,-1,0,0.0,0.0,0.0,0,0,
216,-1,0,0.0,0.0,0.0,0,0,
217,1,1,2.0,2.0,0.4,1,0,217.0
218,1,2,1.7566361462633053,3.7566361462633053,0.3513272292526611,2,0,217.0
219,1,3,1.5428852751793987,5.299521421442704,0.30857705503587973,3,0,217.0
220,1,4,1.3551440219587692,6.654665443401473,0.2710288043917538,4,0,217.0
221,1,5,1.190247486182704,7.8449129295841775,0.23804949723654079,5,0,217.0
222,-1,0,0.0,0.0,0.0,0,0,
223,-1,0,0.0,0.0,0.0,0,0,
224,-1,0,0.0,0.0,0.0,0,0,
225,0,1,4.5,4.5,0.9,1,0,225.0
226,0,2,3.9524313290924376,8.452431329092438,0.7904862658184875,2,0,225.0
227,0,3,3.4714918691536467,11.923923198246085,0.6942983738307293,3,0,225.0
228,0,4,3.04907404940723,14.972997247653314,0.609814809881446,4,0,225.0
229,0,5,2.678056843911084,17.651054091564397,0.5356113687822168,5,0,225.0
230,-1,0,0.0,0.0,0.0,0,0,
231,-1,0,0.0,0.0,0.0,0,0,
232,-1,0,0.0,0.0,0.0,0,0,
233,1,1,2.0,2.0,0.4,1,0,233.0
234,1,2,1.7566361462633053,3.7566361462633053,0.3513272292526611,2,0,233.0
235,1,3,1.5428852751793987,5.299521421442704,0.30857705503587973,3,0,233.0
236,1,4,1.3551440219587692,6.654665443401473,0.2710288043917538,4,0,233.0
237,1,5,1.190247486182704,7.8449129295841775,0.23804949723654079,5,0,233.0
238,-1,0,0.0,0.0,0.0,0,0,
239,-1,0,0.0,0.0,0.0,0,0,
240,-1,0,0.0,0.0,0.0,0,0,
241,1,1,2.0,2.0,0.4,1,0,241.0
242,1,2,1.7566361462633053,3.7566361462633053,0.3513272292526611,2,0,241.0
243,1,3,1.5428852751793987,5.299521421442704,0.30857705503587973,3,0,241.0
244,1,4,1.3551440219587692,6.654665443401473,0.2710288043917538,4,0,241.0
245,1,5,1.190247486182704,7.8449129295841775,0.23804949723654079,5,0,241.0
246,-1,0,0.0,0.0,0.0,0,0,
247,-1,0,0.0,0.0,0.0,0,0,
248,-1,0,0.0,0.0,0.0,0,0,
249,1,1,2.0,2.0,0.4,1,0,249.0
250,1,2,1.7566361462633053,3.7566361462633053,0.3513272292526611,2,0,249.0
251,1,3,1.5428852751793987,5.299521421442704,0.30857705503587973,3,0,249.0
252,1,4,1.3551440219587692,6.654665443401473,0.2710288043917538,4,0,249.0
253,1,5,1.190247486182704,7.8449129295841775,0.23804949723654079,5,0,249.0
254,-1,0,0.0,0.0,0.0,0,0,
255,-1,0,0.0,0.0,0.0,0,0,
256,-1,0,0.0,0.0,0.0,0,0,
257,0,1,4.5,4.5,0.9,1,0,257.0
258,0,2,3.9524313290924376,8.452431329092438,0.7904862658184875,2,0,257.0
259,0,3,3.4714918691536467,11.923923198246085,0.6942983738307293,3,0,257.0
260,0,4,3.04907404940723,14.972997247653314,0.609814809881446,4,0,257.0
261,0,5,2.678056843911084,17.651054091564397,0.5356113687822168,5,0,257.0
262,-1,0,0.0,0.0,0.0,0,0,
263,-1,0,0.0,0.0,0.0,0,0,
264,-1,0,0.0,0.0,0.0,0,0,
265,0,1,4.5,4.5,0.9,1,0,265.0
266,0,2,3.9524313290924376,8.452431329092438,0.7904862658184875,2,0,265.0
267,0,3,3.4714918691536467,11.923923198246085,0.6942983738307293,3,0,265.0
268,0,4,3.04907404940723,14.972997247653314,0.609814809881446,4,0,265.0
269,0,5,2.678056843911084,17.651054091564397,0.5356113687822168,5,0,265.0
270,-1,0,0.0,0.0,0.0,0,0,
271,-1,0,0.0,0.0,0.0,0,0,
272,-1,0,0.0,0.0,0.0,0,0,
273,1,1,2.0,2.0,0.4,1,0,273.0
274,1,2,1.7566361462633053,3.7566361462633053,0.3513272292526611,2,0,273.0
275,1,3,1.5428852751793987,5.299521421442704,0.30857705503587973,3,0,273.0
276,1,4,1.3551440219587692,6.654665443401473,0.2710288043917538,4,0,273.0
277,1,5,1.190247486182704,7.8449129295841775,0.23804949723654079,5,0,273.0
278,-1,0,0.0,0.0,0.0,0,0,
279,-1,0,0.0,0.0,0.0,0,0,
280,-1,0,0.0,0.0,0.0,0,0,
281,1,1,2.0,2.0,0.4,1,0,281.0
282,1,2,1.7566361462633053,3.7566361462633053,0.3513272292526611,2,0,281.0
283,1,3,1.5428852751793987,5.299521421442704,0.30857705503587973,3,0,281.0
284,1,4,1.3551440219587692,6.654665443401473,0.2710288043917538,4,0,281.0
285,1,5,1.190247486182704,7.8449129295841775,0.23804949723654079,5,0,281.0
286,-1,0,0.0,0.0,0.0,0,0,
287,-1,0,0.0,0.0,0.0,0,0,
288,-1,0,0.0,0.0,0.0,0,0,
289,1,1,2.0,2.0,0.4,1,0,289.0
290,1,2,1.7566361462633053,3.7566361462633053,0.3513272292526611,2,0,289.0
291,1,3,1.5428852751793987,5.299521421442704,0.30857705503587973,3,0,289.0
292,1,4,1.3551440219587692,6.654665443401473,0.2710288043917538,4,0,289.0
293,1,5,1.190247486182704,7.8449129295841775,0.23804949723654079,5,0,289.0
294,-1,0,0.0,0.0,0.0,0,0,
295,-1,0,0.0,0.0,0.0,0,0,
296,-1,0,0.0,0.0,0.0,0,0,
297,1,1,2.0,2.0,0.4,1,0,297.0
298,1,2,1.7566361462633053,3.7566361462633053,0.3513272292526611,2,0,297.0
299,1,3,1.5428852751793987,5.299521421442704,0.30857705503587973,3,0,297.0
300,1,4,1.3551440219587692,6.654665443401473,0.2710288043917538,4,0,297.0
301,1,5,1.190247486182704,7.8449129295841775,0.23804949723654079,5,0,297.0
302,-1,0,0.0,0.0,0.0,0,0,
303,-1,0,0.0,0.0,0.0,0,0,
304,-1,0,0.0,0.0,0.0,0,0,
305,0,1,4.5,4.5,0.9,1,0,305.0
306,0,2,3.9524313290924376,8.452431329092438,0.7904862658184875,2,0,305.0
307,0,3,3.4714918691536467,11.923923198246085,0.6942983738307293,3,0,305.0
308,0,4,3.04907404940723,14.972997247653314,0.609814809881446,4,0,305.0
309,0,5,2.678056843911084,17.651054091564397,0.5356113687822168,5,0,305.0
310,-1,0,0.0,0.0,0.0,0,0,
311,-1,0,0.0,0.0,0.0,0,0,
312,-1,0,0.0,0.0,0.0,0,0,
313,1,1,2.0,2.0,0.4,1,0,313.0
314,1,2,1.7566361462633053,3.7566361462633053,0.3513272292526611,2,0,313.0
315,1,3,1.5428852751793987,5.299521421442704,0.30857705503587973,3,0,313.0
316,1,4,1.3551440219587692,6.654665443401473,0.2710288043917538,4,0,313.0
317,1,5,1.190247486182704,7.8449129295841775,0.23804949723654079,5,0,313.0
318,-1,0,0.0,0.0,0.0,0,0,
319,-1,0,0.0,0.0,0.0,0,0,
320,-1,0,0.0,0.0,0.0,0,0,
321,1,1,2.0,2.0,0.4,1,0,321.0
322,1,2,1.7566361462633053,3.7566361462633053,0.3513272292526611,2,0,321.0
323,1,3,1.5428852751793987,5.299521421442704,0.30857705503587973,3,0,321.0
324,1,4,1.3551440219587692,6.654665443401473,0.2710288043917538,4,0,321.0
325,1,5,1.190247486182704,7.8449129295841775,0.23804949723654079,5,0,321.0
326,-1,0,0.0,0.0,0.0,0,0,
327,-1,0,0.0,0.0,0.0,0,0,
328,-1,0,0.0,0.0,0.0,0,0,
329,0,1,4.5,4.5,0.9,1,0,329.0
330,0,2,3.9524313290924376,8.452431329092438,0.7904862658184875,2,0,329.0
331,0,3,3.4714918691536467,11.923923198246085,0.6942983738307293,3,0,329.0
332,0,4,3.04907404940723,14.972997247653314,0.609814809881446,4,0,329.0
333,0,5,2.678056843911084,17.651054091564397,0.5356113687822168,5,0,329.0
334,-1,0,0.0,0.0,0.0,0,0,
335,-1,0,0.0,0.0,0.0,0,0,
336,-1,0,0.0,0.0,0.0,0,0,
337,0,1,4.5,4.5,0.9,1,0,337.0
338,0,2,3.9524313290924376,8.452431329092438,0.7904862658184875,2,0,337.0
339,0,3,3.4714918691536467,11.923923198246085,0.6942983738307293,3,0,337.0
340,0,4,3.04907404940723,14.972997247653314,0.609814809881446,4,0,337.0
341,0,5,2.678056843911084,17.651054091564397,0.5356113687822168,5,0,337.0
342,-1,0,0.0,0.0,0.0,0,0,
343,-1,0,0.0,0.0,0.0,0,0,
344,-1,0,0.0,0.0,0.0,0,0,
345,1,1,2.0,2.0,0.4,1,0,345.0
346,1,2,1.7566361462633053,3.7566361462633053,0.3513272292526611,2,0,345.0
347,1,3,1.5428852751793987,5.299521421442704,0.30857705503587973,3,0,345.0
348,1,4,1.3551440219587692,6.654665443401473,0.2710288043917538,4,0,345.0
349,1,5,1.190247486182704,7.8449129295841775,0.23804949723654079,5,0,345.0
350,-1,0,0.0,0.0,0.0,0,0,
351,-1,0,0.0,0.0,0.0,0,0,
352,-1,0,0.0,0.0,0.0,0,0,
353,1,1,2.0,2.0,0.4,1,0,353.0
354,1,2,1.7566361462633053,3.7566361462633053,0.3513272292526611,2,0,353.0
355,1,3,1.5428852751793987,5.299521421442704,0.30857705503587973,3,0,353.0
356,1,4,1.3551440219587692,6.654665443401473,0.2710288043917538,4,0,353.0
357,1,5,1.190247486182704,7.8449129295841775,0.23804949723654079,5,0,353.0
358,-1,0,0.0,0.0,0.0,0,0,
359,-1,0,0.0,0.0,0.0,0,0,
360,-1,0,0.0,0.0,0.0,0,0,
361,1,1,2.0,2.0,0.4,1,0,361.0
362,1,2,1.7566361462633053,3.7566361462633053,0.3513272292526611,2,0,361.0
363,1,3,1.5428852751793987,5.299521421442704,0.30857705503587973,3,0,361.0
364,1,4,1.3551440219587692,6.654665443401473,0.2710288043917538,4,0,361.0
365,1,5,1.190247486182704,7.8449129295841775,0.23804949723654079,5,0,361.0
366,-1,0,0.0,0.0,0.0,0,0,
367,-1,0,0.0,0.0,0.0,0,0,
368,-1,0,0.0,0.0,0.0,0,0,
369,1,1,2.0,2.0,0.4,1,0,369.0
370,1,2,1.7566361462633053,3.7566361462633053,0.3513272292526611,2,0,369.0
371,1,3,1.5428852751793987,5.299521421442704,0.30857705503587973,3,0,369.0
372,1,4,1.3551440219587692,6.654665443401473,0.2710288043917538,4,0,369.0
373,1,5,1.190247486182704,7.8449129295841775,0.23804949723654079,5,0,369.0
374,-1,0,0.0,0.0,0.0,0,0,
375,-1,0,0.0,0.0,0.0,0,0,
376,-1,0,0.0,0.0,0.0,0,0,
377,0,1,4.5,4.5,0.9,1,0,377.0
378,0,2,3.9524313290924376,8.452431329092438,0.7904862658184875,2,0,377.0
379,0,3,3.4714918691536467,11.923923198246085,0.6942983738307293,3,0,377.0
380,0,4,3.04907404940723,14.972997247653314,0.609814809881446,4,0,377.0
381,0,5,2.678056843911084,17.651054091564397,0.5356113687822168,5,0,377.0
382,-1,0,0.0,0.0,0.0,0,0,
383,-1,0,0.0,0.0,0.0,0,0,
384,-1,0,0.0,0.0,0.0,0,0,
385,0,1,4.5,4.5,0.9,1,0,385.0
386,0,2,3.9524313290924376,8.452431329092438,0.7904862658184875,2,0,385.0
387,0,3,3.4714918691536467,11.923923198246085,0.6942983738307293,3,0,385.0
388,0,4,3.04907404940723,14.972997247653314,0.609814809881446,4,0,385.0
389,0,5,2.678056843911084,17.651054091564397,0.5356113687822168,5,0,385.0
390,-1,0,0.0,0.0,0.0,0,0,
391,-1,0,0.0,0.0,0.0,0,0,
392,-1,0,0.0,0.0,0.0,0,0,
393,1,1,2.0,2.0,0.4,1,0,393.0
394,1,2,1.7566361462633053,3.7566361462633053,0.3513272292526611,2,0,393.0
395,1,3,1.5428852751793987,5.299521421442704,0.30857705503587973,3,0,393.0
396,1,4,1.3551440219587692,6.654665443401473,0.2710288043917538,4,0,393.0
397,1,5,1.190247486182704,7.8449129295841775,0.23804949723654079,5,0,393.0
398,-1,0,0.0,0.0,0.0,0,0,
399,-1,0,0.0,0.0,0.0,0,0,
400,-1,0,0.0,0.0,0.0,0,0,
401,1,1,2.0,2.0,0.4,1,0,401.0
402,1,2,1.7566361462633053,3.7566361462633053,0.3513272292526611,2,0,401.0
403,1,3,1.5428852751793987,5.299521421442704,0.30857705503587973,3,0,401.0
404,1,4,1.3551440219587692,6.654665443401473,0.2710288043917538,4,0,401.0
405,1,5,1.190247486182704,7.8449129295841775,0.23804949723654079,5,0,401.0
406,-1,0,0.0,0.0,0.0,0,0,
407,-1,0,0.0,0.0,0.0,0,0,
408,-1,0,0.0,0.0,0.0,0,0,
409,0,1,4.5,4.5,0.9,1,0,409.0
410,0,2,3.9524313290924376,8.452431329092438,0.7904862658184875,2,0,409.0
411,0,3,3.4714918691536467,11.923923198246085,0.6942983738307293,3,0,409.0
412,0,4,3.04907404940723,14.972997247653314,0.609814809881446,4,0,409.0
413,0,5,2.678056843911084,17.651054091564397,0.5356113687822168,5,0,409.0
414,-1,0,0.0,0.0,0.0,0,0,
415,-1,0,0.0,0.0,0.0,0,0,
416,-1,0,0.0,0.0,0.0,0,0,
417,1,1,2.0,2.0,0.4,1,0,417.0
418,1,2,1.7566361462633053,3.7566361462633053,0.3513272292526611,2,0,417.0
419,1,3,1.5428852751793987,5.299521421442704,0.30857705503587973,3,0,417.0
420,1,4,1.3551440219587692,6.654665443401473,0.2710288043917538,4,0,417.0
421,1,5,1.190247486182704,7.8449129295841775,0.23804949723654079,5,0,417.0
422,-1,0,0.0,0.0,0.0,0,0,
423,-1,0,0.0,0.0,0.0,0,0,
424,-1,0,0.0,0.0,0.0,0,0,
425,0,1,4.5,4.5,0.9,1,0,425.0
426,0,2,3.9524313290924376,8.452431329092438,0.7904862658184875,2,0,425.0
427,0,3,3.4714918691536467,11.923923198246085,0.6942983738307293,3,0,425.0
428,0,4,3.04907404940723,14.972997247653314,0.609814809881446,4,0,425.0
429,0,5,2.678056843911084,17.651054091564397,0.5356113687822168,5,0,425.0
430,-1,0,0.0,0.0,0.0,0,0,
431,-1,0,0.0,0.0,0.0,0,0,
432,-1,0,0.0,0.0,0.0,0,0,
433,0,1,4.5,4.5,0.9,1,0,433.0
434,0,2,3.9524313290924376,8.452431329092438,0.7904862658184875,2,0,433.0
435,0,3,3.4714918691536467,11.923923198246085,0.6942983738307293,3,0,433.0
436,0,4,3.04907404940723,14.972997247653314,0.609814809881446,4,0,433.0
437,0,5,2.678056843911084,17.651054091564397,0.5356113687822168,5,0,433.0
438,-1,0,0.0,0.0,0.0,0,0,
439,-1,0,0.0,0.0,0.0,0,0,
440,-1,0,0.0,0.0,0.0,0,0,
441,0,1,4.5,4.5,0.9,1,0,441.0
442,0,2,3.9524313290924376,8.452431329092438,0.7904862658184875,2,0,441.0
443,0,3,3.4714918691536467,11.923923198246085,0.6942983738307293,3,0,441.0
444,0,4,3.04907404940723,14.972997247653314,0.609814809881446,4,0,441.0
445,0,5,2.678056843911084,17.651054091564397,0.5356113687822168,5,0,441.0
446,-1,0,0.0,0.0,0.0,0,0,
447,-1,0,0.0,0.0,0.0,0,0,
448,-1,0,0.0,0.0,0.0,0,0,
449,1,1,2.0,2.0,0.4,1,0,449.0
450,1,2,1.7566361462633053,3.7566361462633053,0.3513272292526611,2,0,449.0
451,1,3,1.5428852751793987,5.299521421442704,0.30857705503587973,3,0,449.0
452,1,4,1.3551440219587692,6.654665443401473,0.2710288043917538,4,0,449.0
453,1,5,1.190247486182704,7.8449129295841775,0.23804949723654079,5,0,449.0
454,-1,0,0.0,0.0,0.0,0,0,
455,-1,0,0.0,0.0,0.0,0,0,
456,-1,0,0.0,0.0,0.0,0,0,
457,1,1,2.0,2.0,0.4,1,0,457.0
458,1,2,1.7566361462633053,3.7566361462633053,0.3513272292526611,2,0,457.0
459,1,3,1.5428852751793987,5.299521421442704,0.30857705503587973,3,0,457.0
460,1,4,1.3551440219587692,6.654665443401473,0.2710288043917538,4,0,457.0
461,1,5,1.190247486182704,7.8449129295841775,0.23804949723654079,5,0,457.0
462,-1,0,0.0,0.0,0.0,0,0,
463,-1,0,0.0,0.0,0.0,0,0,
464,-1,0,0.0,0.0,0.0,0,0,
465,0,1,4.5,4.5,0.9,1,0,465.0
466,0,2,3.9524313290924376,8.452431329092438,0.7904862658184875,2,0,465.0
467,0,3,3.4714918691536467,11.923923198246085,0.6942983738307293,3,0,465.0
468,0,4,3.04907404940723,14.972997247653314,0.609814809881446,4,0,465.0
469,0,5,2.678056843911084,17.651054091564397,0.5356113687822168,5,0,465.0
470,-1,0,0.0,0.0,0.0,0,0,
471,-1,0,0.0,0.0,0.0,0,0,
472,-1,0,0.0,0.0,0.0,0,0,
473,1,1,2.0,2.0,0.4,1,0,473.0
474,1,2,1.7566361462633053,3.7566361462633053,0.3513272292526611,2,0,473.0
475,1,3,1.5428852751793987,5.299521421442704,0.30857705503587973,3,0,473.0
476,1,4,1.3551440219587692,6.654665443401473,0.2710288043917538,4,0,473.0
477,1,5,1.190247486182704,7.8449129295841775,0.23804949723654079,5,0,473.0
478,-1,0,0.0,0.0,0.0,0,0,
479,-1,0,0.0,0.0,0.0,0,0,
480,-1,0,0.0,0.0,0.0,0,0,
481,1,1,2.0,2.0,0.4,1,0,481.0
482,1,2,1.7566361462633053,3.7566361462633053,0.3513272292526611,2,0,481.0
483,1,3,1.5428852751793987,5.299521421442704,0.30857705503587973,3,0,481.0
484,1,4,1.3551440219587692,6.654665443401473,0.2710288043917538,4,0,481.0
485,1,5,1.190247486182704,7.8449129295841775,0.23804949723654079,5,0,481.0
486,-1,0,0.0,0.0,0.0,0,0,
487,-1,0,0.0,0.0,0.0,0,0,
488,-1,0,0.0,0.0,0.0,0,0,
489,0,1,4.5,4.5,0.9,1,0,489.0
490,0,2,3.9524313290924376,8.452431329092438,0.7904862658184875,2,0,489.0
491,0,3,3.4714918691536467,11.923923198246085,0.6942983738307293,3,0,489.0
492,0,4,3.04907404940723,14.972997247653314,0.609814809881446,4,0,489.0
493,0,5,2.678056843911084,17.651054091564397,0.5356113687822168,5,0,489.0
494,-1,0,0.0,0.0,0.0,0,0,
495,-1,0,0.0,0.0,0.0,0,0,
496,-1,0,0.0,0.0,0.0,0,0,
497,0,1,4.5,4.5,0.9,1,0,497.0
498,0,2,3.9524313290924376,8.452431329092438,0.7904862658184875,2,0,497.0
499,0,3,3.4714918691536467,11.923923198246085,0.6942983738307293,3,0,497.0
500,0,4,3.04907404940723,14.972997247653314,0.609814809881446,4,0,497.0
501,0,5,2.678056843911084,17.651054091564397,0.5356113687822168,5,0,497.0
502,-1,0,0.0,0.0,0.0,0,0,
503,-1,0,0.0,0.0,0.0,0,0,
504,-1,0,0.0,0.0,0.0,0,0,
505,0,1,4.5,4.5,0.9,1,0,505.0
506,0,2,3.9524313290924376,8.452431329092438,0.7904862658184875,2,0,505.0
507,0,3,3.4714918691536467,11.923923198246085,0.6942983738307293,3,0,505.0
508,0,4,3.04907404940723,14.972997247653314,0.609814809881446,4,0,505.0
509,0,5,2.678056843911084,17.651054091564397,0.5356113687822168,5,0,505.0
510,-1,0,0.0,0.0,0.0,0,0,
511,-1,0,0.0,0.0,0.0,0,0,
512,-1,0,0.0,0.0,0.0,0,0,
513,0,1,4.5,4.5,0.9,1,0,513.0
514,0,2,3.9524313290924376,8.452431329092438,0.7904862658184875,2,0,513.0
515,0,3,3.4714918691536467,11.923923198246085,0.6942983738307293,3,0,513.0
516,0,4,3.04907404940723,14.972997247653314,0.609814809881446,4,0,513.0
517,0,5,2.678056843911084,17.651054091564397,0.5356113687822168,5,0,513.0
518,-1,0,0.0,0.0,0.0,0,0,
519,-1,0,0.0,0.0,0.0,0,0,
520,-1,0,0.0,0.0,0.0,0,0,
521,0,1,4.5,4.5,0.9,1,0,521.0
522,0,2,3.9524313290924376,8.452431329092438,0.7904862658184875,2,0,521.0
523,0,3,3.4714918691536467,11.923923198246085,0.6942983738307293,3,0,521.0
524,0,4,3.04907404940723,14.972997247653314,0.609814809881446,4,0,521.0
525,0,5,2.678056843911084,17.651054091564397,0.5356113687822168,5,0,521.0
526,-1,0,0.0,0.0,0.0,0,0,
527,-1,0,0.0,0.0,0.0,0,0,
528,-1,0,0.0,0.0,0.0,0,0,
529,1,1,2.0,2.0,0.4,1,0,529.0
530,1,2,1.7566361462633053,3.7566361462633053,0.3513272292526611,2,0,529.0
531,1,3,1.5428852751793987,5.299521421442704,0.30857705503587973,3,0,529.0
532,1,4,1.3551440219587692,6.654665443401473,0.2710288043917538,4,0,529.0
533,1,5,1.190247486182704,7.8449129295841775,0.23804949723654079,5,0,529.0
534,-1,0,0.0,0.0,0.0,0,0,
535,-1,0,0.0,0.0,0.0,0,0,
536,-1,0,0.0,0.0,0.0,0,0,
537,1,1,2.0,2.0,0.4,1,0,537.0
538,1,2,1.7566361462633053,3.7566361462633053,0.3513272292526611,2,0,537.0
539,1,3,1.5428852751793987,5.299521421442704,0.30857705503587973,3,0,537.0
540,1,4,1.3551440219587692,6.654665443401473,0.2710288043917538,4,0,537.0
541,1,5,1.190247486182704,7.8449129295841775,0.23804949723654079,5,0,537.0
542,-1,0,0.0,0.0,0.0,0,0,
543,-1,0,0.0,0.0,0.0,0,0,
544,-1,0,0.0,0.0,0.0,0,0,
545,1,1,2.0,2.0,0.4,1,0,545.0
546,1,2,1.7566361462633053,3.7566361462633053,0.3513272292526611,2,0,545.0
547,1,3,1.5428852751793987,5.299521421442704,0.30857705503587973,3,0,545.0
548,1,4,1.3551440219587692,6.654665443401473,0.2710288043917538,4,0,545.0
549,1,5,1.190247486182704,7.8449129295841775,0.23804949723654079,5,0,545.0
550,-1,0,0.0,0.0,0.0,0,0,
551,-1,0,0.0,0.0,0.0,0,0,
552,-1,0,0.0,0.0,0.0,0,0,
553,1,1,2.0,2.0,0.4,1,0,553.0
554,1,2,1.7566361462633053,3.7566361462633053,0.3513272292526611,2,0,553.0
555,1,3,1.5428852751793987,5.299521421442704,0.30857705503587973,3,0,553.0
556,1,4,1.3551440219587692,6.654665443401473,0.2710288043917538,4,0,553.0
557,1,5,1.190247486182704,7.8449129295841775,0.23804949723654079,5,0,553.0
558,-1,0,0.0,0.0,0.0,0,0,
559,-1,0,0.0,0.0,0.0,0,0,
560,-1,0,0.0,0.0,0.0,0,0,
561,1,1,2.0,2.0,0.4,1,0,561.0
562,1,2,1.7566361462633053,3.7566361462633053,0.3513272292526611,2,0,561.0
563,1,3,1.5428852751793987,5.299521421442704,0.30857705503587973,3,0,561.0
564,1,4,1.3551440219587692,6.654665443401473,0.2710288043917538,4,0,561.0
565,1,5,1.190247486182704,7.8449129295841775,0.23804949723654079,5,0,561.0
566,-1,0,0.0,0.0,0.0,0,0,
567,-1,0,0.0,0.0,0.0,0,0,
568,-1,0,0.0,0.0,0.0,0,0,
569,0,1,4.5,4.5,0.9,1,0,569.0
570,0,2,3.9524313290924376,8.452431329092438,0.7904862658184875,2,0,569.0
571,0,3,3.4714918691536467,11.923923198246085,0.6942983738307293,3,0,569.0
572,0,4,3.04907404940723,14.972997247653314,0.609814809881446,4,0,569.0
573,0,5,2.678056843911084,17.651054091564397,0.5356113687822168,5,0,569.0
574,-1,0,0.0,0.0,0.0,0,0,
575,-1,0,0.0,0.0,0.0,0,0,
576,-1,0,0.0,0.0,0.0,0,0,
577,1,1,2.0,2.0,0.4,1,0,577.0
578,1,2,1.7566361462633053,3.7566361462633053,0.3513272292526611,2,0,577.0
579,1,3,1.5428852751793987,5.299521421442704,0.30857705503587973,3,0,577.0
580,1,4,1.3551440219587692,6.654665443401473,0.2710288043917538,4,0,577.0
581,1,5,1.190247486182704,7.8449129295841775,0.23804949723654079,5,0,577.0
582,-1,0,0.0,0.0,0.0,0,0,
583,-1,0,0.0,0.0,0.0,0,0,
584,-1,0,0.0,0.0,0.0,0,0,
585,1,1,2.0,2.0,0.4,1,0,585.0
586,1,2,1.7566361462633053,3.7566361462633053,0.3513272292526611,2,0,585.0
587,1,3,1.5428852751793987,5.299521421442704,0.30857705503587973,3,0,585.0
588,1,4,1.3551440219587692,6.654665443401473,0.2710288043917538,4,0,585.0
589,1,5,1.190247486182704,7.8449129295841775,0.23804949723654079,5,0,585.0
590,-1,0,0.0,0.0,0.0,0,0,
591,-1,0,0.0,0.0,0.0,0,0,
592,-1,0,0.0,0.0,0.0,0,0,
593,1,1,2.0,2.0,0.4,1,0,593.0
594,1,2,1.7566361462633053,3.7566361462633053,0.3513272292526611,2,0,593.0
595,1,3,1.5428852751793987,5.299521421442704,0.30857705503587973,3,0,593.0
596,1,4,1.3551440219587692,6.654665443401473,0.2710288043917538,4,0,593.0
597,1,5,1.190247486182704,7.8449129295841775,0.23804949723654079,5,0,593.0
598,-1,0,0.0,0.0,0.0,0,0,
599,-1,0,0.0,0.0,0.0,0,0,
600,-1,0,0.0,0.0,0.0,0,0,
601,0,1,4.5,4.5,0.9,1,0,601.0
602,0,2,3.9524313290924376,8.452431329092438,0.7904862658184875,2,0,601.0
603,0,3,3.4714918691536467,11.923923198246085,0.6942983738307293,3,0,601.0
604,0,4,3.04907404940723,14.972997247653314,0.609814809881446,4,0,601.0
605,0,5,2.678056843911084,17.651054091564397,0.5356113687822168,5,0,601.0
606,-1,0,0.0,0.0,0.0,0,0,
607,-1,0,0.0,0.0,0.0,0,0,
608,-1,0,0.0,0.0,0.0,0,0,
609,0,1,4.5,4.5,0.9,1,0,609.0
610,0,2,3.9524313290924376,8.452431329092438,0.7904862658184875,2,0,609.0
611,0,3,3.4714918691536467,11.923923198246085,0.6942983738307293,3,0,609.0
612,0,4,3.04907404940723,14.972997247653314,0.609814809881446,4,0,609.0
613,0,5,2.678056843911084,17.651054091564397,0.5356113687822168,5,0,609.0
614,-1,0,0.0,0.0,0.0,0,0,
615,-1,0,0.0,0.0,0.0,0,0,
616,-1,0,0.0,0.0,0.0,0,0,
617,1,1,2.0,2.0,0.4,1,0,617.0
618,1,2,1.7566361462633053,3.7566361462633053,0.3513272292526611,2,0,617.0
619,1,3,1.5428852751793987,5.299521421442704,0.30857705503587973,3,0,617.0
620,1,4,1.3551440219587692,6.654665443401473,0.2710288043917538,4,0,617.0
621,1,5,1.190247486182704,7.8449129295841775,0.23804949723654079,5,0,617.0
622,-1,0,0.0,0.0,0.0,0,0,
623,-1,0,0.0,0.0,0.0,0,0,
624,-1,0,0.0,0.0,0.0,0,0,
625,0,1,4.5,4.5,0.9,1,0,625.0
626,0,2,3.9524313290924376,8.452431329092438,0.7904862658184875,2,0,625.0
627,0,3,3.4714918691536467,11.923923198246085,0.6942983738307293,3,0,625.0
628,0,4,3.04907404940723,14.972997247653314,0.609814809881446,4,0,625.0
629,0,5,2.678056843911084,17.651054091564397,0.5356113687822168,5,0,625.0
630,-1,0,0.0,0.0,0.0,0,0,
631,-1,0,0.0,0.0,0.0,0,0,
632,-1,0,0.0,0.0,0.0,0,0,
633,1,1,2.0,2.0,0.4,1,0,633.0
634,1,2,1.7566361462633053,3.7566361462633053,0.3513272292526611,2,0,633.0
635,1,3,1.5428852751793987,5.299521421442704,0.30857705503587973,3,0,633.0
636,1,4,1.3551440219587692,6.654665443401473,0.2710288043917538,4,0,633.0
637,1,5,1.190247486182704,7.8449129295841775,0.23804949723654079,5,0,633.0
638,-1,0,0.0,0.0,0.0,0,0,
639,-1,0,0.0,0.0,0.0,0,0,
640,-1,0,0.0,0.0,0.0,0,0,
641,1,1,2.0,2.0,0.4,1,0,641.0
642,1,2,1.7566361462633053,3.7566361462633053,0.3513272292526611,2,0,641.0
643,1,3,1.5428852751793987,5.299521421442704,0.30857705503587973,3,0,641.0
644,1,4,1.3551440219587692,6.654665443401473,0.2710288043917538,4,0,641.0
645,1,5,1.190247486182704,7.8449129295841775,0.23804949723654079,5,0,641.0
646,-1,0,0.0,0.0,0.0,0,0,
647,-1,0,0.0,0.0,0.0,0,0,
648,-1,0,0.0,0.0,0.0,0,0,
649,1,1,2.0,2.0,0.4,1,0,649.0
650,1,2,1.7566361462633053,3.7566361462633053,0.3513272292526611,2,0,649.0
651,1,3,1.5428852751793987,5.299521421442704,0.30857705503587973,3,0,649.0
652,1,4,1.3551440219587692,6.654665443401473,0.2710288043917538,4,0,649.0
653,1,5,1.190247486182704,7.8449129295841775,0.23804949723654079,5,0,649.0
654,-1,0,0.0,0.0,0.0,0,0,
655,-1,0,0.0,0.0,0.0,0,0,
656,-1,0,0.0,0.0,0.0,0,0,
657,0,1,4.5,4.5,0.9,1,0,657.0
658,0,2,3.9524313290924376,8.452431329092438,0.7904862658184875,2,0,657.0
659,0,3,3.4714918691536467,11.923923198246085,0.6942983738307293,3,0,657.0
660,0,4,3.04907404940723,14.972997247653314,0.609814809881446,4,0,657.0
661,0,5,2.678056843911084,17.651054091564397,0.5356113687822168,5,0,657.0
662,-1,0,0.0,0.0,0.0,0,0,
663,-1,0,0.0,0.0,0.0,0,0,
664,-1,0,0.0,0.0,0.0,0,0,
665,0,1,4.5,4.5,0.9,1,0,665.0
666,0,2,3.9524313290924376,8.452431329092438,0.7904862658184875,2,0,665.0
667,0,3,3.4714918691536467,11.923923198246085,0.6942983738307293,3,0,665.0
668,0,4,3.04907404940723,14.972997247653314,0.609814809881446,4,0,665.0
669,0,5,2.678056843911084,17.651054091564397,0.5356113687822168,5,0,665.0
670,-1,0,0.0,0.0,0.0,0,0,
671,-1,0,0.0,0.0,0.0,0,0,
672,-1,0,0.0,0.0,0.0,0,0,
673,1,1,2.0,2.0,0.4,1,0,673.0
674,1,2,1.7566361462633053,3.7566361462633053,0.3513272292526611,2,0,673.0
675,1,3,1.5428852751793987,5.299521421442704,0.30857705503587973,3,0,673.0
676,1,4,1.3551440219587692,6.654665443401473,0.2710288043917538,4,0,673.0
677,1,5,1.190247486182704,7.8449129295841775,0.23804949723654079,5,0,673.0
678,-1,0,0.0,0.0,0.0,0,0,
679,-1,0,0.0,0.0,0.0,0,0,
680,-1,0,0.0,0.0,0.0,0,0,
681,0,1,4.5,4.5,0.9,1,0,681.0
682,0,2,3.9524313290924376,8.452431329092438,0.7904862658184875,2,0,681.0
683,0,3,3.4714918691536467,11.923923198246085,0.6942983738307293,3,0,681.0
684,0,4,3.04907404940723,14.972997247653314,0.609814809881446,4,0,681.0
685,0,5,2.678056843911084,17.651054091564397,0.5356113687822168,5,0,681.0
686,-1,0,0.0,0.0,0.0,0,0,
687,-1,0,0.0,0.0,0.0,0,0,
688,-1,0,0.0,0.0,0.0,0,0,
689,1,1,2.0,2.0,0.4,1,0,689.0
690,1,2,1.7566361462633053,3.7566361462633053,0.3513272292526611,2,0,689.0
691,1,3,1.5428852751793987,5.299521421442704,0.30857705503587973,3,0,689.0
692,1,4,1.3551440219587692,6.654665443401473,0.2710288043917538,4,0,689.0
693,1,5,1.190247486182704,7.8449129295841775,0.23804949723654079,5,0,689.0
694,-1,0,0.0,0.0,0.0,0,0,
695,-1,0,0.0,0.0,0.0,0,0,
696,-1,0,0.0,0.0,0.0,0,0,
697,1,1,2.0,2.0,0.4,1,0,697.0
698,1,2,1.7566361462633053,3.7566361462633053,0.3513272292526611,2,0,697.0
699,1,3,1.5428852751793987,5.299521421442704,0.30857705503587973,3,0,697.0
700,1,4,1.3551440219587692,6.654665443401473,0.2710288043917538,4,0,697.0
701,1,5,1.190247486182704,7.8449129295841775,0.23804949723654079,5,0,697.0
702,-1,0,0.0,0.0,0.0,0,0,
703,-1,0,0.0,0.0,0.0,0,0,
704,-1,0,0.0,0.0,0.0,0,0,
705,0,1,4.5,4.5,0.9,1,0,705.0
706,0,2,3.9524313290924376,8.452431329092438,0.7904862658184875,2,0,705.0
707,0,3,3.4714918691536467,11.923923198246085,0.6942983738307293,3,0,705.0
708,0,4,3.04907404940723,14.972997247653314,0.609814809881446,4,0,705.0
709,0,5,2.678056843911084,17.651054091564397,0.5356113687822168,5,0,705.0
710,-1,0,0.0,0.0,0.0,0,0,
711,-1,0,0.0,0.0,0.0,0,0,
712,-1,0,0.0,0.0,0.0,0,0,
713,0,1,4.5,4.5,0.9,1,0,713.0
714,0,2,3.9524313290924376,8.452431329092438,0.7904862658184875,2,0,713.0
715,0,3,3.4714918691536467,11.923923198246085,0.6942983738307293,3,0,713.0
716,0,4,3.04907404940723,14.972997247653314,0.609814809881446,4,0,713.0
717,0,5,2.678056843911084,17.651054091564397,0.5356113687822168,5,0,713.0
718,-1,0,0.0,0.0,0.0,0,0,
719,-1,0,0.0,0.0,0.0,0,0,
720,-1,0,0.0,0.0,0.0,0,0,
721,0,1,4.5,4.5,0.9,1,0,721.0
722,0,2,3.9524313290924376,8.452431329092438,0.7904862658184875,2,0,721.0
723,0,3,3.4714918691536467,11.923923198246085,0.6942983738307293,3,0,721.0
724,0,4,3.04907404940723,14.972997247653314,0.609814809881446,4,0,721.0
725,0,5,2.678056843911084,17.651054091564397,0.5356113687822168,5,0,721.0
726,-1,0,0.0,0.0,0.0,0,0,
727,-1,0,0.0,0.0,0.0,0,0,
728,-1,0,0.0,0.0,0.0,0,0,
729,1,1,2.0,2.0,0.4,1,0,729.0
730,1,2,1.7566361462633053,3.7566361462633053,0.3513272292526611,2,0,729.0
731,1,3,1.5428852751793987,5.299521421442704,0.30857705503587973,3,0,729.0
732,1,4,1.3551440219587692,6.654665443401473,0.2710288043917538,4,0,729.0
733,1,5,1.190247486182704,7.8449129295841775,0.23804949723654079,5,0,729.0
734,-1,0,0.0,0.0,0.0,0,0,
735,-1,0,0.0,0.0,0.0,0,0,
736,-1,0,0.0,0.0,0.0,0,0,
737,0,1,4.5,4.5,0.9,1,0,737.0
738,0,2,3.9524313290924376,8.452431329092438,0.7904862658184875,2,0,737.0
739,0,3,3.4714918691536467,11.923923198246085,0.6942983738307293,3,0,737.0
740,0,4,3.04907404940723,14.972997247653314,0.609814809881446,4,0,737.0
741,0,5,2.678056843911084,17.651054091564397,0.5356113687822168,5,0,737.0
742,-1,0,0.0,0.0,0.0,0,0,
743,-1,0,0.0,0.0,0.0,0,0,
744,-1,0,0.0,0.0,0.0,0,0,
745,0,1,4.5,4.5,0.9,1,0,745.0
746,0,2,3.9524313290924376,8.452431329092438,0.7904862658184875,2,0,745.0
747,0,3,3.4714918691536467,11.923923198246085,0.6942983738307293,3,0,745.0
748,0,4,3.04907404940723,14.972997247653314,0.609814809881446,4,0,745.0
749,0,5,2.678056843911084,17.651054091564397,0.5356113687822168,5,0,745.0
750,-1,0,0.0,0.0,0.0,0,0,
751,-1,0,0.0,0.0,0.0,0,0,
752,-1,0,0.0,0.0,0.0,0,0,
753,0,1,4.5,4.5,0.9,1,0,753.0
754,0,2,3.9524313290924376,8.452431329092438,0.7904862658184875,2,0,753.0
755,0,3,3.4714918691536467,11.923923198246085,0.6942983738307293,3,0,753.0
756,0,4,3.04907404940723,14.972997247653314,0.609814809881446,4,0,753.0
757,0,5,2.678056843911084,17.651054091564397,0.5356113687822168,5,0,753.0
758,-1,0,0.0,0.0,0.0,0,0,
759,-1,0,0.0,0.0,0.0,0,0,
760,-1,0,0.0,0.0,0.0,0,0,
761,1,1,2.0,2.0,0.4,1,0,761.0
762,1,2,1.7566361462633053,3.7566361462633053,0.3513272292526611,2,0,761.0
763,1,3,1.5428852751793987,5.299521421442704,0.30857705503587973,3,0,761.0
764,1,4,1.3551440219587692,6.654665443401473,0.2710288043917538,4,0,761.0
765,1,5,1.190247486182704,7.8449129295841775,0.23804949723654079,5,0,761.0
766,-1,0,0.0,0.0,0.0,0,0,
767,-1,0,0.0,0.0,0.0,0,0,
768,-1,0,0.0,0.0,0.0,0,0,
769,0,1,4.5,4.5,0.9,1,0,769.0
770,0,2,3.9524313290924376,8.452431329092438,0.7904862658184875,2,0,769.0
771,0,3,3.4714918691536467,11.923923198246085,0.6942983738307293,3,0,769.0
772,0,4,3.04907404940723,14.972997247653314,0.609814809881446,4,0,769.0
773,0,5,2.678056843911084,17.651054091564397,0.5356113687822168,5,0,769.0
774,-1,0,0.0,0.0,0.0,0,0,
775,-1,0,0.0,0.0,0.0,0,0,
776,-1,0,0.0,0.0,0.0,0,0,
777,1,1,2.0,2.0,0.4,1,0,777.0
778,1,2,1.7566361462633053,3.7566361462633053,0.3513272292526611,2,0,777.0
779,1,3,1.5428852751793987,5.299521421442704,0.30857705503587973,3,0,777.0
780,1,4,1.3551440219587692,6.654665443401473,0.2710288043917538,4,0,777.0
781,1,5,1.190247486182704,7.8449129295841775,0.23804949723654079,5,0,777.0
782,-1,0,0.0,0.0,0.0,0,0,
783,-1,0,0.0,0.0,0.0,0,0,
784,-1,0,0.0,0.0,0.0,0,0,
785,0,1,4.5,4.5,0.9,1,0,785.0
786,0,2,3.9524313290924376,8.452431329092438,0.7904862658184875,2,0,785.0
787,0,3,3.4714918691536467,11.923923198246085,0.6942983738307293,3,0,785.0
788,0,4,3.04907404940723,14.972997247653314,0.609814809881446,4,0,785.0
789,0,5,2.678056843911084,17.651054091564397,0.5356113687822168,5,0,785.0
790,-1,0,0.0,0.0,0.0,0,0,
791,-1,0,0.0,0.0,0.0,0,0,
792,-1,0,0.0,0.0,0.0,0,0,
793,0,1,4.5,4.5,0.9,1,0,793.0
794,0,2,3.9524313290924376,8.452431329092438,0.7904862658184875,2,0,793.0
795,0,3,3.4714918691536467,11.923923198246085,0.6942983738307293,3,0,793.0
796,0,4,3.04907404940723,14.972997247653314,0.609814809881446,4,0,793.0
797,0,5,2.678056843911084,17.651054091564397,0.5356113687822168,5,0,793.0
798,-1,0,0.0,0.0,0.0,0,0,
799,-1,0,0.0,0.0,0.0,0,0,
800,-1,0,0.0,0.0,0.0,0,0,
